2701,Lucious Hirthe,Turcotte,ressiejohns@morar.com,742-983-4184
1501,Dante Kub,Franecki,chelsiedaugherty@nitzsche.org,(180)015-5854
2702,Lloyd Schimmel,Koelpin,yolandayost@zemlak.info,(919)932-9986
2101,Carlotta Bogisich,McGlynn,joyceswift@hagenes.com,1-104-895-9522
1502,Josiane Huel,Hessel,darrickstokes@jacobs.io,(929)278-9488
1201,Pierce Hirthe,Zieme,andreanedietrich@funk.org,(120)574-8201
601,Jimmy Fahey,Bailey,minaratke@kunde.biz,(078)647-6507
1,Annamae Robel,Halvorson,sabinafahey@schoen.io,(976)642-9474
2102,Leopoldo Weber,Stanton,malikahudson@larson.name,1-772-785-7135
901,Kenton Durgan,Lehner,herbertdickens@rutherford.name,(975)603-0244
1801,Noble Von,Nitzsche,saigeerdman@pollich.org,1-399-260-9091
602,Wilford McClure,Dietrich,karinaconroy@hirthe.biz,488-949-6593
2,Brenden Stamm,Cole,martyondricka@kreiger.info,1-884-255-4595